{"schemaVersion":"1.0","appDefinitionTemplate":{"id":"/providers/Microsoft.PowerApps/apps/","type":"Microsoft.PowerApps/apps","tags":{"primaryDeviceWidth":"1366","primaryDeviceHeight":"768","sienaVersion":"20210903T023800Z-3.21084.20.0","deviceCapabilities":"","supportsPortrait":"true","supportsLandscape":"true","primaryFormFactor":"Tablet","publisherVersion":"3.21084.20","minimumRequiredApiVersion":"2.2.0","hasComponent":"false","hasUnlockedComponent":"false","isUnifiedRootApp":"false"},"properties":{"appVersion":"2021-09-03T02:38:00Z","lifeCycleId":"Published","createdByClientVersion":{"major":3,"minor":21084,"build":20,"revision":0,"majorRevision":0,"minorRevision":0},"minClientVersion":{"major":3,"minor":21084,"build":20,"revision":0,"majorRevision":0,"minorRevision":0},"backgroundColor":"rgba(0, 176, 240, 1)","backgroundImageUri":"/1915714810381085124/Nbc409784-a48a-4783-9f95-0c46d9882a9e-logoSmallFile","displayName":"Exams Portal","description":"","commitMessage":"","appUris":{"documentUri":{"value":"/1915714810381085124/Nf9fc3983-87ce-43b9-ae61-f05bfa325ef0-document.msapp"},"imageUris":[]},"createdTime":"0001-01-01T00:00:00Z","lastModifiedTime":"0001-01-01T00:00:00Z","sharedGroupsCount":0,"sharedUsersCount":0,"icons":{"smallIconUri":"/1915714810381085124/N47decb4b-65ee-4db1-99d5-547678392b84-small.png","mediumIconUri":"/1915714810381085124/Nb465d042-b681-4000-95a6-ffae7101f9f5-medium.png","largeIconUri":"/1915714810381085124/Nd7a4deb6-d105-4c89-9e97-039600f8d1c0-large.png","wideIconUri":"/1915714810381085124/Nbc5f9557-1af7-4354-bcca-42059172d0f7-wide.png"},"connectionReferences":{"65a16102-e6eb-4ab2-84e7-b97cd1d1d13d":{"id":"630166b3-c48a-406a-bbc3-86a0ee8c663d","displayName":"Excel","iconUri":"https://connectoricons-prod.azureedge.net/releases/v1.0.1507/1.0.1507.2528/excel/icon.png","dataSources":["Exams","Answers","Questions","Results"],"dependencies":["02f6b42b-7f6e-4390-8438-c2108a88437c"],"dependents":[],"parameterHints":{"02f6b42b-7f6e-4390-8438-c2108a88437c":{"value":"fileSource"}},"parameterHintsV2":{"fileSource":{"value":"02f6b42b-7f6e-4390-8438-c2108a88437c"}},"isOnPremiseConnection":false,"dataSets":{"b!uwtEKs8IzEaeEFk_V3JHk9-6uD_KvQ5OsTZBCr5bSx31blQlnYAOQqkiScLXxZeA.014GZ7NQFDMPH3N2OZNFBKHQXCCYSNAMX3":{"dataSources":{"Exams":{"tableName":"Exams"},"Answers":{"tableName":"Answers"},"Questions":{"tableName":"Questions"},"Results":{"tableName":"Results"}}}},"apiTier":"Standard","isCustomApiConnection":false,"actions":["providers/PowerPlatform.Governance/Operations/Read"]},"02f6b42b-7f6e-4390-8438-c2108a88437c":{"id":"2f1c5842-18c3-4882-8214-b11cc83272f0","displayName":"OneDrive for Business","iconUri":"https://connectoricons-prod.azureedge.net/depfeife/special-train/1.0.1489.2478/onedriveforbusiness/icon.png","dataSources":[],"dependencies":[],"dependents":["65a16102-e6eb-4ab2-84e7-b97cd1d1d13d"],"parameterHints":{},"parameterHintsV2":{},"isOnPremiseConnection":false,"dataSets":{},"apiTier":"Standard","isCustomApiConnection":false}},"databaseReferences":{},"almMode":"Environment","performanceOptimizationEnabled":true,"canConsumeAppPass":true,"executionRestrictions":{"isTeamsOnly":false,"dataLossPreventionEvaluationResult":{"status":"Compliant","lastEvaluationDate":"2021-09-03T02:38:16.3715699Z","violations":[],"violationsByPolicy":[],"violationErrorMessage":"The app uses the following connectors: shared_excel, shared_onedriveforbusiness."}}},"appType":"ClassicCanvasApp","appComponents":[]}}